{"cameraMode":{"drawMode":0,"name":"Shaded","section":"Shading Mode"},"sceneLighting":false,"audioPlay":false,"sceneViewState":{"m_AlwaysRefresh":false,"showFog":true,"showSkybox":false,"showFlares":true,"showImageEffects":true,"showParticleSystems":true,"showVisualEffectGraphs":true,"m_FxEnabled":true},"in2DMode":false,"pivot":{"x":-0.00008064508438110352,"y":1.604406714439392,"z":-0.05241262912750244},"rotation":{"x":0.019234394654631616,"y":0.9775378704071045,"z":-0.18303707242012025,"w":0.10272437334060669},"size":1.6453677415847779,"orthographic":false}