{"cameraMode":{"drawMode":0,"name":"Shaded","section":"Shading Mode"},"sceneLighting":false,"audioPlay":false,"sceneViewState":{"m_AlwaysRefresh":false,"showFog":true,"showSkybox":false,"showFlares":true,"showImageEffects":true,"showParticleSystems":true,"showVisualEffectGraphs":true,"m_FxEnabled":true},"in2DMode":false,"pivot":{"x":1.2071665525436402,"y":-4.722977638244629,"z":0.3686692714691162},"rotation":{"x":-0.05876666679978371,"y":0.0017933720955625177,"z":-0.0001158552840934135,"w":-0.9982767701148987},"size":2.2149689197540285,"orthographic":false}