{"cameraMode":{"drawMode":0,"name":"Shaded","section":"Shading Mode"},"sceneLighting":false,"audioPlay":false,"sceneViewState":{"m_AlwaysRefresh":false,"showFog":true,"showSkybox":false,"showFlares":true,"showImageEffects":true,"showParticleSystems":true,"showVisualEffectGraphs":true,"m_FxEnabled":true},"in2DMode":false,"pivot":{"x":0.1253340244293213,"y":0.22642028331756593,"z":-0.22937822341918946},"rotation":{"x":0.019234394654631616,"y":0.9775378704071045,"z":-0.18303707242012025,"w":0.10272437334060669},"size":0.6871875524520874,"orthographic":false}